,0
0,오소리
1,승마
2,참돔
3,꿀
4,루이보스
5,아마
6,유자껍질
7,뽕나무
8,다시마육수
9,곡물식초
10,와일드라이스
11,새싹채소
12,옥수수콘
13,쿠민
14,메밀
15,딸기잼
16,아가베시럽
17,바게트
18,아루굴라
19,자몽과육
20,드라이이스트
21,상황버섯
22,돼지고기
23,돌나물
24,파파야
25,마늘잎
26,마카다미아
27,타히니
28,상치
29,고등어포
30,호박씨
31,프로볼로네
32,바닐라에센스
33,산파
34,월계수분
35,땡초
36,조미료
37,페퍼론치노
38,계란노른자
39,프리카
40,콘옥수수
41,세발낙지
42,양파청
43,연유
44,오트밀
45,연어
46,단호박씨
47,스테비아
48,빵
49,닭
50,건고추
51,매실청
52,옥수수 전분
53,새꼬막
54,미원
55,참나물
56,레몬
57,꽃소금
58,슬라이스햄
59,오렌지
60,미향
61,시래기
62,잔대
63,군소
64,찹쌀풀
65,초고추장
66,한천
67,겨우살이
68,딜
69,다시마물
70,한우
71,박력쌀가루
72,옥수수통조림
73,동태
74,홍연어
75,리코타
76,통마늘
77,호박잎
78,쑥부쟁이
79,슈가파우더
80,올리브오일
81,미림
82,우럭
83,페타
84,울타리콩
85,봄동
86,소면
87,허브소금
88,세이지
89,쇠고기
90,밀가루
91,찰현미가루
92,발사믹
93,사골
94,치킨
95,청고추
96,감
97,고수잎
98,수세미
99,마른새우
100,개복치
101,멧돼지
102,목살
103,소세지
104,캐슈넛
105,아세로라
106,과메기
107,무씨
108,고들빼기
109,닭가슴살
110,쌀뜨물
111,순대
112,카이엔페퍼
113,얼갈이배추
114,바지락
115,또띠아
116,스피루리나
117,계란물
118,콩가루
119,남초
120,청어
121,양미리
122,대추
123,숙주나물
124,사골육수
125,포피
126,소금
127,커피
128,그라나 파다노
129,가지
130,아몬드파우더
131,엉겅퀴
132,레몬청
133,스파게티면
134,홍고추
135,대구알
136,베이
137,레몬과육
138,무염버터
139,슬라이스체더
140,핫케이크가루
141,부들
142,올방개
143,라즈베리
144,두리안
145,거위
146,뽕나무버섯
147,델라웨어포도
148,아스파라거스
149,돼지고기앞다리살
150,가리비살
151,단무지
152,송어
153,크림
154,식용류
155,렌틸콩
156,콜라드
157,머위대
158,마카분말
159,붕어
160,뜨거운물
161,밀나물
162,한라봉주스
163,아욱
164,백포도주
165,비파
166,감자
167,쥐치
168,키조개
169,김밥
170,복분자식초
171,리치
172,카놀라유
173,시럽
174,모스카토
175,들깨
176,건크랜베리
177,율무
178,중하
179,소고기다짐육
180,홍국
181,양파개
182,고수씨
183,이스트
184,커피가루
185,멸치액젓
186,참굴
187,갈은깨
188,당면
189,닭날개
190,육수
191,코코아
192,베이킹파우더
193,백설탕
194,오징어채
195,생크림
196,공기밥
197,후무스
198,녹말
199,래디시
200,노가리
201,쥐포
202,노각
203,도루묵
204,참나물잎
205,달걀흰자
206,달걀
207,중력분
208,용안
209,황국
210,비단가리비
211,조개
212,안창살
213,오리알
214,진미채
215,매생이
216,쿠스쿠스
217,무화과열매
218,오이
219,낫토
220,라벤더
221,아삭이 고추
222,부세
223,찹쌀
224,고사리
225,들기름
226,수박주스
227,비엔나소시지
228,상추
229,유지
230,조기
231,버찌
232,브루스
233,백후추
234,청양고추
235,마시멜로
236,물냉이
237,날치
238,뿔소라
239,소고기
240,매실엑기스
241,실고추
242,생강청
243,고추가루
244,원추리
245,매실액
246,야채
247,허니머스타드
248,진피
249,히비스커스꽃
250,슈가
251,매실진액
252,미나리
253,멸치다시육수
254,카더몬
255,풋고추
256,떡볶이
257,건표고버섯
258,소갈비
259,생강
260,주꾸미
261,파
262,알배추
263,문어
264,토마티요
265,후추
266,황태포
267,옥수수전분
268,농어
269,배초향
270,머스타드
271,팥앙금
272,칡
273,사카린
274,만능간장
275,생강가루
276,고니
277,흰목이
278,칠리소스
279,적포도주
280,춘장
281,브리
282,해삼
283,들깨가루
284,월계수
285,타라곤
286,스트링치즈
287,겨자잎
288,밀가루박력분
289,꽈리고추
290,슬로우
291,석이버섯
292,생새우
293,부채살
294,연두부
295,깨소금
296,풋콩
297,고구마줄기
298,팥가루
299,묵은김치
300,잡채
301,채종유
302,땅콩
303,참치캔
304,골파
305,산초
306,파카
307,고추장
308,복어
309,페페론치노
310,검은깨
311,홍삼
312,라임
313,스프링클
314,주키니
315,우거지
316,잣
317,사워크림
318,치마살
319,현미
320,옥수수캔
321,석이
322,육두구
323,소시지
324,비정제황설탕
325,토마토
326,양하
327,녹두
328,두부
329,술
330,신김치
331,새송이버섯
332,쪽파
333,맥문동
334,할라피뇨
335,수수
336,돈까스소스
337,징거미새우
338,붓순나무
339,브라질넛
340,처빌
341,멸치다시마육수
342,참치
343,청경채
344,양송이
345,셀러리악
346,까나리액젓
347,석산
348,시나몬파우더
349,다채
350,만두피
351,파스타
352,배춧잎
353,장어
354,올스파이스
355,영양부추
356,타로
357,대패삼겹살
358,가리비
359,새조개
360,사과식초
361,스테이크소스
362,닭봉
363,소엽
364,간고등어
365,소고기다시다
366,멸치
367,튀김기름
368,체다슬라이스치즈
369,쑥갓잎
370,양상추잎
371,천연조미료
372,다랑어
373,돼지고기목살
374,취나물
375,곶감
376,달걀노른자
377,북어포
378,바게트빵
379,냉이뿌리
380,맛간장
381,뱅어
382,넙치
383,흰설탕
384,튀김가루
385,스파게티
386,덕대
387,파슬리
388,계피가루
389,얼갈이
390,열무김치
391,곰피
392,황금
393,고구마
394,도토리묵
395,빙어
396,미역
397,깻잎
398,흰다리새우
399,노루궁뎅이버섯
400,조선간장
401,통밀가루
402,우삼겹
403,탱자
404,피스타치오
405,샐러드
406,잔멸치
407,토마토 퓌레
408,매운고추
409,우엉
410,오디
411,당귀
412,포도
413,바질가루
414,작두콩
415,녹각
416,아사이베리
417,무화과
418,카레가루
419,실파
420,머위
421,황설탕
422,폰즈
423,파마산치즈가루
424,오골계
425,셀러리잎
426,또띠야
427,맛살
428,모과
429,오이피클
430,정향
431,버섯
432,거피팥
433,톳
434,삼백초
435,로즈힙
436,임연수어
437,전갱이
438,닭고기
439,갈랑갈
440,콜라
441,설탕
442,신선초
443,밀
444,방울토마토
445,민어
446,인스턴트
447,유자
448,파스타면
449,생수
450,캐슈
451,코끼리조개
452,달래
453,목이버섯
454,와사비
455,닭육수
456,꽁치통조림
457,펜넬
458,카다몬
459,레몬그라스
460,피조개
461,허브
462,강황가루
463,고구마 전분
464,겨자
465,언두부
466,파르메산
467,천도복숭아
468,딸기식초
469,우스터 소스
470,마늘쫑
471,체더
472,어간장
473,갈색설탕
474,홍초
475,귀리
476,진간장
477,토란줄기
478,아몬드
479,빵가루
480,피망
481,붉은고추
482,건미역
483,멜론
484,결명자
485,당밀
486,망고
487,피자소스
488,계피
489,고추씨
490,우스타소스
491,새우살
492,건포도
493,분유
494,건조토마토
495,조생
496,전분가루
497,체리
498,황태채
499,머루
500,느타리버섯
501,모자반
502,더덕
503,오미자
504,쌈장
505,보리새우
506,샐러드채소
507,김치
508,돈가스
509,모닝빵
510,사과
511,달걀물
512,닭 다리살
513,투메릭
514,볶은결명자
515,브로콜리
516,까나리
517,짜장가루
518,마른고추
519,은대구
520,올리브
521,포도씨유
522,명태
523,차이브
524,닭안심
525,현미식초
526,건새우
527,용과
528,야콘
529,명란
530,김칫국물
531,전분물
532,가자미
533,배즙
534,도가니살
535,청대구
536,식용색소
537,엔다이브
538,배추잎
539,연잎
540,아보카도
541,강황
542,감잎
543,메밀가루
544,맥주
545,적상추
546,떡국
547,화이트초콜릿
548,다시마가루
549,블루베리식초
550,양배추잎
551,까치버섯
552,코코아파우더
553,체다
554,고추기름
555,삼겹살
556,차조
557,검은콩
558,타마린드
559,요거트
560,양태
561,스테이크
562,훈제연어
563,전복
564,가는소금
565,자란
566,업진살
567,킹크랩
568,비트
569,양고기
570,돼지갈비
571,모짜렐라치즈
572,올리브 오일
573,미숫가루
574,가지버섯
575,유카
576,샐러리
577,파프리카
578,보리멸
579,페스토
580,월넛
581,듀럼밀
582,미역귀
583,건표고
584,보리
585,어린잎채소
586,참조기
587,사각어묵
588,돼지고기다짐육
589,마조람
590,석류
591,해바라기씨유
592,치즈
593,꽃새우
594,멸치가루
595,햄
596,대창
597,화이트와인
598,꼬리
599,숭어
600,천궁
601,오징어먹물
602,김장김치
603,아티초크
604,다래
605,레몬밤
606,흑초
607,흰민들레
608,피나물
609,팽이버섯
610,성게알
611,마요네즈
612,은어
613,계란
614,홍어
615,우스터소스
616,닭안심살
617,총각무
618,애플망고
619,치킨스톡
620,불고기
621,케첩
622,대게
623,헤이즐넛
624,돼지등뼈
625,돼지 갈비살
626,숙주
627,얼음
628,옥돔
629,미역줄기
630,감성돔
631,화이트와인식초
632,후춧가루
633,간
634,민트
635,닭 날개
636,사과즙
637,곰치
638,살오징어
639,천연조미료육수
640,바닐라빈
641,호박
642,때죽
643,스타프루트
644,피자치즈
645,황태
646,홍피망
647,메로
648,흑미
649,시나몬
650,링곤베리
651,사탕수수
652,속새
653,식초
654,감귤
655,딸기
656,전분
657,유부
658,두릅
659,귤
660,생굴
661,오이고추
662,팔각
663,크림치즈
664,소불고기
665,중국부추
666,갈매기살
667,동부
668,꼬시래기
669,아롱사태
670,참가자미
671,아카시아
672,쇠뜨기
673,모시조개
674,토란
675,팥
676,장지
677,떡국떡
678,돈까스
679,캔참치
680,순무
681,살구
682,소주
683,누룽지
684,매화꽃
685,잉어
686,토마토케첩
687,녹말물
688,치커리
689,검정깨
690,요구르트
691,홍시
692,씨겨자
693,앵두
694,견과류
695,감자 전분
696,참기름술
697,라면스프
698,호박고구마
699,자두
700,매실
701,돼지감자
702,국멸치
703,은장어
704,다시팩
705,훈제치즈
706,서양배
707,살라미
708,미더덕
709,육포
710,쏨뱅이
711,파채
712,꽃등심
713,국물용멸치
714,할라페뇨
715,김치국물
716,효모
717,스팸
718,휘핑크림
719,모짜렐라
720,좁쌀
721,오갈피
722,물
723,우설
724,마늘가루
725,호박꽃
726,만두
727,바닐라오일
728,심장
729,베이컨
730,진달래
731,피클링스파이스
732,쌈무
733,열무
734,간마늘
735,청주
736,콜라비
737,페페로니
738,집된장
739,황기
740,강활
741,캐롭
742,앞다리살
743,도라지
744,고수
745,갯가재
746,훈제오리
747,부케가르니
748,슬라이스아몬드
749,돌게
750,쫄면
751,파스닙
752,케일잎
753,아삭이고추
754,흰목이버섯
755,성게
756,마가린
757,다시다
758,흰강낭콩
759,적어
760,볼락
761,생강술
762,까마중
763,아욱잎
764,곤약
765,번행초
766,우무
767,향버섯
768,자몽
769,허브식초
770,우동면
771,카망베르
772,안심살
773,인스턴트커피
774,레드와인
775,갑오징어
776,키위
777,코코넛 밀크
778,에스프레소
779,메주
780,어수리
781,버터
782,명란젓
783,황도
784,그뤼에르
785,우뭇가사리
786,굴소스
787,달고기
788,오크라
789,플레인
790,카카오
791,사과껍질
792,홍합
793,탄산수
794,백리향
795,박하
796,완두콩
797,순두부
798,톳나물
799,무우
800,방어
801,건조딸기
802,매실액기스
803,마카로니
804,돼지목살
805,하바티
806,가다랑어포
807,액젓
808,자몽주스
809,청포도
810,쇠비름
811,백앙금
812,모차렐라치즈
813,조청
814,쌀국수
815,칼국수면
816,산마늘
817,홍당무
818,생강즙
819,양상추
820,칠면조
821,비엔나소세지
822,택사
823,둥굴레
824,메이플시럽
825,검정콩
826,수조기
827,전어
828,통후추
829,다슬기
830,연겨자
831,게살
832,양파가루
833,알감자
834,땅콩버터
835,흑임자
836,커런트
837,한라봉
838,석결명
839,찬물
840,골드키위
841,캔옥수수
842,쇠미역
843,오뎅
844,야로
845,냉이
846,마늘종
847,슬라이스치즈
848,콩기름
849,단호박가루
850,넛맥
851,플레인요구르트
852,우둔살
853,옥수수기름
854,통조림
855,하수오
856,박고지
857,열빙어
858,간장술
859,무말랭이
860,피씨
861,콜리플라워
862,다크초콜릿
863,바질씨
864,가재
865,당근
866,당근잎
867,천일염
868,옥수수
869,백화고
870,부추잎
871,닭 가슴살
872,백지
873,샬롯
874,무청
875,키리
876,머스터드소스
877,통조림햄
878,대파뿌리
879,백선
880,조미김
881,천마
882,살치살
883,양지머리
884,보리순
885,새송이
886,감태
887,작약
888,퀴노아
889,딸기쨈
890,쭈꾸미
891,가래떡
892,에멘탈
893,청양
894,콩나물
895,비단조개
896,청포묵
897,파마산
898,청양초
899,멸치육수
900,유자청
901,올리고당
902,마른미역
903,송로버섯
904,오이지
905,코다리
906,사이다
907,채끝살
908,머슬
909,두반장
910,우동사리
911,백태
912,돌돔
913,고춧가루
914,복숭아
915,비트주스
916,아몬드슬라이스
917,터메릭
918,감초
919,붕장어
920,영지버섯
921,은행
922,파인애플
923,참깨
924,통삼겹살
925,세발나물
926,고등어
927,애느타리버섯
928,오징어
929,화분
930,날치알
931,물밤
932,대합
933,토란잎
934,완두
935,취
936,비지
937,영귤
938,크루아상
939,갓
940,피쉬소스
941,마테
942,간생강
943,소라
944,칼국수
945,박력분
946,훈제
947,지방
948,참당귀
949,크레송
950,메기
951,꽃게
952,무순
953,체다치즈
954,적양파
955,푸아그라
956,튀김유
957,지칭개
958,계핏가루
959,백년초가루
960,마늘
961,매실식초
962,국간장
963,오일
964,엄나무
965,도다리
966,올리브유
967,파드득나물
968,쇼트닝
969,화이트발사믹식초
970,황칠나무
971,베이킹소다
972,바나나식초
973,아위
974,삼각살
975,노른자
976,매실원액
977,칵테일
978,제비꽃
979,마론
980,개조개
981,곱창
982,순채
983,배식초
984,박대
985,베이비채소
986,간장
987,청양고춧가루
988,흑태
989,김밥용김
990,셀러리
991,김밥김
992,수박
993,파인애플식초
994,유자씨
995,비엔나
996,밤고구마
997,맛조개
998,한련
999,학꽁치
1000,고추
1001,국수
1002,브로컬리
1003,상추잎
1004,아마란스
1005,파뿌리
1006,에담
1007,가다랑어
1008,꾸리살
1009,배
1010,구기자
1011,무
1012,표고
1013,마카다미아오일
1014,냉면육수
1015,울금
1016,미꾸라지
1017,인스턴드라이이스트
1018,흑설탕
1019,블루베리
1020,월계수잎
1021,메주콩
1022,치킨파우더
1023,낙지
1024,클로렐라
1025,복령
1026,청홍고추
1027,칵테일새우
1028,쌈채소
1029,수리취
1030,적양배추
1031,감식초
1032,면수
1033,와인
1034,등갈비
1035,조림간장
1036,콩잎
1037,발사믹식초
1038,퍼치
1039,된장
1040,해바라기씨
1041,물엿
1042,건조감자
1043,마스카포네 치즈
1044,라면사리
1045,라디치오
1046,청매
1047,대파
1048,오레가노
1049,양배추
1050,황돔
1051,크랜베리
1052,병풀잎
1053,절구버섯
1054,허브가루
1055,양송이버섯
1056,설깃머리살
1057,녹말가루
1058,참치액
1059,캐모마일
1060,후추가루
1061,다시마
1062,홍파프리카
1063,다시물
1064,새싹
1065,눈다랑어
1066,클로브
1067,쌀가루
1068,능이버섯
1069,리큐르
1070,식빵
1071,소송채
1072,죽순
1073,지황
1074,허니머스터드
1075,서대
1076,묵은지
1077,테프
1078,계란흰자
1079,시사모
1080,달개비
1081,식용유
1082,연근
1083,깨
1084,판젤라틴
1085,레몬즙
1086,루꼴라
1087,코코넛
1088,시금치
1089,건두부
1090,무가당
1091,곰취
1092,질경이
1093,쌀뜬물
1094,단호박
1095,롤라로사
1096,대추씨
1097,김
1098,참외
1099,새우
1100,노니
1101,바질페스토
1102,블랙올리브
1103,다래순
1104,탈지분유
1105,호밀가루
1106,초콜릿
1107,메이스
1108,표고버섯
1109,마지팬
1110,죽염
1111,패션후르츠
1112,적채
1113,애플민트
1114,스테비아잎
1115,치아씨
1116,멍게
1117,강낭콩
1118,시나몬가루
1119,통깨
1120,족발
1121,새우젓
1122,머스타드소스
1123,올방개묵
1124,아귀
1125,서리태
1126,북어
1127,우리밀
1128,볶은호두
1129,양파즙
1130,쌀밥
1131,불고기용
1132,꽃사과
1133,맛소금
1134,아니스
1135,준치
1136,데리야끼소스
1137,스트링빈스
1138,밤
1139,옥수수수염
1140,로즈마리
1141,칼라만시
1142,청량고추
1143,아이스크림
1144,피칸
1145,꼬막
1146,샤프란
1147,잠두
1148,밤콩
1149,기장
1150,금귤
1151,동죽
1152,골뱅이
1153,적겨자
1154,찬밥
1155,고르곤졸라
1156,인스턴트드라이이스트
1157,양파
1158,새우가루
1159,로메인
1160,닭다리살
1161,바닐라익스트랙
1162,틸라피아
1163,송화
1164,코코아가루
1165,헛개
1166,오미자식초
1167,고비
1168,제조
1169,맛술
1170,떡볶이떡
1171,굴비
1172,치즈가루
1173,수삼
1174,홀그레인
1175,흰콩
1176,쑥
1177,두유
1178,생모차렐라
1179,항정살
1180,참치액젓
1181,약콩
1182,가츠오부시
1183,딸기주스
1184,청피망
1185,김가루
1186,카레
1187,도미
1188,정어리
1189,닭볶음탕용
1190,멥쌀
1191,잔대뿌리
1192,캐비어
1193,굴
1194,클레멘타인
1195,레드와인식초
1196,붉은대게
1197,애호박
1198,소 안심
1199,라드
1200,핫소스
1201,초고버섯
1202,유채
1203,복분자딸기
1204,바닐라
1205,스파게티소스
1206,가죽나물
1207,히비스커스
1208,메추리알
1209,돼지등갈비
1210,시금치잎
1211,닭다리
1212,물미역
1213,프로슈토
1214,아오리사과
1215,자기
1216,바나나
1217,럼주
1218,논우렁이
1219,대두
1220,근대
1221,아귀간
1222,유채유
1223,떡
1224,두메부추
1225,우유
1226,크래미
1227,통치
1228,염소
1229,배추
1230,플레인요거트
1231,클로버
1232,닭발
1233,병어
1234,송이버섯
1235,재첩
1236,부추
1237,싸리버섯
1238,선어
1239,청국장
1240,고구마순
1241,베이킹
1242,대구
1243,초코칩
1244,고형카레
1245,돈가스소스
1246,호두
1247,오레오
1248,파마산치즈
1249,청각
1250,기름
1251,부침가루
1252,피클
1253,강력분
1254,잔파
1255,차전자피
1256,참치통조림
1257,집게
1258,홀그레인머스터드
1259,인삼뿌리
1260,꽁치
1261,타피오카 전분
1262,토마토케찹
1263,머스터드
1264,송이
1265,깍두기
1266,케찹
1267,스위티
1268,망고스틴
1269,가쓰오부시
1270,선지
1271,씀바귀
1272,볶은캐슈
1273,어묵
1274,베트남고추
1275,단감
1276,꽃상추
1277,나한과
1278,쥐눈이콩
1279,피문어
1280,호밀
1281,참기름
1282,스위트콘
1283,포포
1284,양조간장
1285,녹차가루
1286,피마자
1287,오리고기
1288,케일
1289,나팔버섯
1290,토마토소스
1291,감자전분
1292,인삼줄기
1293,바지락살
1294,고다
1295,포멜로
1296,북어채
1297,쑥갓
1298,현미밥
1299,대두유
1300,대하
1301,참붕어
1302,윗등심
1303,기름치
1304,관자
1305,공심채줄기
1306,코코넛오일
1307,게맛살
1308,기러기
1309,장두부
1310,코코넛 크림
1311,개복숭아
1312,콩
1313,엿기름
1314,찹쌀가루
1315,벌꿀
1316,과일식초
1317,자색고구마
1318,타라
1319,타바스코
1320,샴페인
1321,느타리
1322,돼지
1323,멸치다시마
1324,돼지 등심
1325,쌀
1326,허브솔트
1327,집간장
1328,젤라틴
1329,인삼
1330,산마
1331,라이스페이퍼
1332,해바라기유
1333,코티지
1334,바질
1335,진달래꽃
1336,밥
1337,라면
1338,표고버섯가루
1339,가시리
1340,삼치
1341,고추냉이
1342,미나리잎
1343,마
1344,개불
1345,파슬리가루
1346,닭새우
1347,국화
1348,LA갈비
1349,차돌박이
1350,슈거파우더
1351,아몬드가루
1352,배추김치
1353,알배기배추
1354,파래
1355,갈치
