ingre_category,ingredients,,,
유제품,치즈,,,
유제품,스트링치즈,,,
유제품,크림치즈,,,
유제품,체다치즈,,,
유제품,우유,,,
유제품,모짜렐라치즈,,,
유제품,버터,,,
유제품,생크림,,,
유제품,요거트,,,
유제품,파마산,,,
유제품,아이스크림,,,
유제품,휘핑크림,,,
유제품,피자치즈,,,
유제품,연유,,,
유제품,슬라이스치즈,,,
유제품,사워크림,,,
유제품,플레인요거트,,,
유제품,리코타,,,
유제품,크림,,,
유제품,치즈가루,,,
유제품,분유,,,
유제품,고르곤졸라,,,
유제품,요구르트,,,
유제품,플레인요구르트,,,
유제품,고다,,,
유제품,그뤼에르,,,
유제품,에멘탈,,,
유제품,탈지분유,,,
유제품,파르메산,,,
유제품,그라나파다노,,,
해산물,연어,,,
해산물,참치,,,
해산물,맛살,,,
해산물,멸치,,,
해산물,어묵,,,
해산물,건새우,,,
해산물,가쓰오부시,,,
해산물,새우,,,
해산물,굴,,,
해산물,멸치가루,,,
해산물,칵테일새우,,,
해산물,오징어,,,
해산물,꼬막,,,
해산물,미역,,,
해산물,바지락,,,
해산물,꽃게,,,
해산물,메로,,,
해산물,날치알,,,
해산물,명란젓,,,
해산물,훈제연어,,,
해산물,낙지,,,
해산물,고등어,,,
해산물,키조개,,,
해산물,갈치,,,
해산물,전복,,,
해산물,쭈꾸미,,,
해산물,장어,,,
해산물,골뱅이,,,
해산물,모시조개,,,
해산물,홍합,,,
해산물,아귀,,,
해산물,바지락살,,,
해산물,미더덕,,,
해산물,쥐포,,,
해산물,매생이,,,
해산물,조개,,,
해산물,대게,,,
해산물,황태채,,,
해산물,대구,,,
해산물,잔멸치,,,
해산물,새우살,,,
해산물,갑오징어,,,
해산물,조기,,,
해산물,참치캔,,,
해산물,명란젓,,,
해산물,파래,,,
해산물,새꼬막,,,
해산물,생굴,,,
해산물,가리비,,,
해산물,진미채,,,
해산물,문어,,,
해산물,병어,,,
해산물,도미,,,
해산물,명태,,,
해산물,크래미,,,
해산물,건미역,,,
해산물,관자,,,
해산물,동태,,,
해산물,미역줄기,,,
해산물,대하,,,
해산물,우럭,,,
해산물,감태,,,
해산물,꽁치,,,
해산물,황태,,,
해산물,삼치,,,
해산물,꽁치통조림,,,
해산물,코다리,,,
해산물,게살,,,
해산물,황태포,,,
해산물,고니,,,
해산물,숭어,,,
해산물,오징어먹물,,,
해산물,북어,,,
해산물,캔참치,,,
해산물,가자미,,,
해산물,새우가루,,,
해산물,멍게,,,
해산물,홍어,,,
해산물,과메기,,,
해산물,북어채,,,
해산물,대합,,,
해산물,청어,,,
해산물,꽃새우,,,
해산물,굴비,,,
해산물,보리새우,,,
해산물,소라,,,
해산물,톳,,,
해산물,북어포,,,
해산물,열빙어,,,
해산물,중하,,,
해산물,흰다리새우,,,
해산물,뱅어,,,
해산물,민어,,,
해산물,킹크랩,,,
해산물,백태,,,
해산물,서대,,,
해산물,동죽,,,
해산물,간고등어,,,
해산물,박대,,,
해산물,피조개,,,
해산물,양미리,,,
해산물,메기,,,
해산물,방어,,,
해산물,전어,,,
해산물,도다리,,,
해산물,새조개,,,
해산물,노가리,,,
해산물,재첩,,,
해산물,옥돔,,,
해산물,농어,,,
해산물,다슬기,,,
해산물,성게,,,
해산물,미꾸라지,,,
육류,베이컨,,,
육류,소고기,,,
육류,닭,,,
육류,치킨,,,
육류,스팸,,,
육류,채끝살,,,
육류,닭다리살,,,
육류,돼지고기,,,
육류,닭가슴살,,,
육류,앞다리살,,,
육류,사골육수,,,
육류,돼지목살,,,
육류,햄,,,
육류,비엔나소시지,,,
육류,삼겹살,,,
육류,비엔나,,,
육류,오리고기,,,
육류,차돌박이,,,
육류,닭고기,,,
육류,슬라이스햄,,,
육류,양지머리,,,
육류,닭날개,,,
육류,우삼겹,,,
육류,족발,,,
육류,목살,,,
육류,소시지,,,
육류,돼지고기목살,,,
육류,돼지고기앞다리살,,,
육류,대패삼겹살,,,
육류,닭발,,,
육류,스테이크,,,
육류,돈까스,,,
육류,항정살,,,
육류,불고기,,,
육류,우둔살,,,
육류,돼지고기다짐육,,,
육류,소고기다짐육,,,
육류,등갈비,,,
육류,훈제오리,,,
육류,소갈비,,,
육류,닭안심,,,
육류,통조림햄,,,
육류,대창,,,
육류,간,,,
육류,돼지등갈비,,,
육류,돈가스,,,
육류,돼지갈비,,,
육류,돼지등뼈,,,
육류,닭안심살,,,
육류,아롱사태,,,
육류,한우,,,
육류,사골,,,
육류,닭육수,,,
육류,부채살,,,
육류,양고기,,,
육류,닭봉,,,
육류,살라미,,,
육류,통삼겹살,,,
육류,살치살,,,
육류,LA갈비,,,
육류,소꼬리,,,
육류,육포,,,
육류,선지,,,
,,,,
,,,,
,,,,
